model,selected_threshold,val_precision,val_recall,val_f1,val_accuracy,val_specificity,val_roc_auc,val_pr_auc,val_tn,val_fp,val_fn,val_tp,test_precision,test_recall,test_f1,test_accuracy,test_specificity,test_roc_auc,test_pr_auc,test_tn,test_fp,test_fn,test_tp
IsolationForest,-0.049319818,0.46875,0.744680851,0.575342466,0.648526077,0.603333333,0.718516548,0.553047184,362,238,72,210,0.447963801,0.70212766,0.546961326,0.628117914,0.593333333,0.709255319,0.5406184,356,244,84,198
LocalOutlierFactor,-0.509996575,0.330808081,0.929078014,0.487895717,0.376417234,0.116666667,0.533794326,0.397860787,70,530,20,262,0.31778058,0.893617021,0.468837209,0.35260771,0.098333333,0.531276596,0.398557101,59,541,30,252
OneClassSVM,-14.50314534,0.384094755,0.804964539,0.520045819,0.524943311,0.393333333,0.648622931,0.482587323,236,364,55,227,0.363486842,0.783687943,0.496629213,0.492063492,0.355,0.645431442,0.49692306,213,387,61,221
Autoencoder,0.07499498,0.3850837138508371,0.8971631205673759,0.5388711395101171,0.5090702947845805,0.32666666666666666,0.6489420803782506,0.45873065248811096,196,404,29,253,0.3774733637747336,0.8794326241134752,0.5282215122470714,0.4977324263038549,0.31833333333333336,0.6641371158392435,0.4793446648091856,191,409,34,248
VAE_64_32_8_bs16,0.2238778,0.3309265944645006,0.975177304964539,0.4941599281221923,0.36167800453514737,0.07333333333333333,0.5743262411347517,0.39474686981794954,44,556,7,275,0.325,0.9680851063829787,0.48663101604278075,0.3469387755102041,0.055,0.5585342789598109,0.38008885400931364,33,567,9,273
